<?xml version="1.0" encoding="UTF-8"?>
<beans xmlns="http://www.springframework.org/schema/beans"
	xmlns:xsi="http://www.w3.org/2001/XMLSchema-instance"
	xmlns:mvc="http://www.springframework.org/schema/mvc"
	xmlns:util="http://www.springframework.org/schema/util"
	xmlns:context="http://www.springframework.org/schema/context"
	xmlns:jpa="http://www.springframework.org/schema/data/jpa"
	xmlns:tx="http://www.springframework.org/schema/tx"
	xsi:schemaLocation="http://www.springframework.org/schema/mvc http://www.springframework.org/schema/mvc/spring-mvc-3.0.xsd
		http://www.springframework.org/schema/beans http://www.springframework.org/schema/beans/spring-beans.xsd
		http://www.springframework.org/schema/util http://www.springframework.org/schema/util/spring-util-3.0.xsd
		http://www.springframework.org/schema/data/jpa http://www.springframework.org/schema/data/jpa/spring-jpa-1.0.xsd
		http://www.springframework.org/schema/tx http://www.springframework.org/schema/tx/spring-tx-3.0.xsd
		http://www.springframework.org/schema/context http://www.springframework.org/schema/context/spring-context-3.0.xsd">
<util:properties location="classpath:resources.properties" id="albumResource"></util:properties>

<context:annotation-config></context:annotation-config>
<context:component-scan base-package="com.cg.controller"></context:component-scan>
<context:component-scan base-package="com.cg.respository"></context:component-scan>
<context:component-scan base-package="com.cg.service"></context:component-scan>
<context:component-scan base-package="com.cg.domain"></context:component-scan>




<jpa:repositories base-package="com.cg.repository"></jpa:repositories>

<bean id="entityManagerFactory" class="org.springframework.orm.jpa.LocalContainerEntityManagerFactoryBean">
<property name="persistenceXmlLocation" value="classpath:META-INF/persistence.xml"></property>
<property name="persistenceUnitName" value="capstore"></property>
<property name="dataSource" ref="datasource"></property>
<property name="jpaVendorAdapter" ref="jpavendoradaptor"></property>
<property name="jpaDialect" ref="jpadialect"></property>
<property name="jpaPropertyMap">
	<map>
		<entry key="hibernate.dialect" value="org.hibernate.dialect.MySQLDialect"></entry>
		<entry key="show_sql" value="true"></entry>
		<entry key="hibernate.hbm2ddl.auto" value="update"></entry>
	</map>
</property>
</bean>

<bean id="datasource" class="org.springframework.jdbc.datasource.DriverManagerDataSource">
<property name="driverClassName" value="com.mysql.jdbc.Driver"></property>
<property name="url" value="jdbc:mysql://10.102.54.139:3306/capstore"></property>
<property name="username" value="root"></property>
<property name="password" value="password"></property>
</bean>

<bean id="jpavendoradaptor" class="org.springframework.orm.jpa.vendor.HibernateJpaVendorAdapter">
<property name="showSql" value="true"></property>
</bean>

<bean class="org.springframework.web.servlet.view.InternalResourceViewResolver">
	<property name="prefix" value="/WEB-INF/JSP/"></property>
	<property name="suffix" value=".jsp"></property>
</bean>
<bean id="jpadialect" class="org.springframework.orm.jpa.vendor.HibernateJpaDialect">
</bean>

<bean id="transactionManager" class="org.springframework.orm.jpa.JpaTransactionManager">
<property name="dataSource" ref="datasource"></property>
<property name="jpaDialect" ref="jpadialect"></property>
<property name="entityManagerFactory" ref="entityManagerFactory"></property>
</bean>


<tx:annotation-driven transaction-manager="transactionManager"/>



<mvc:annotation-driven/>
<mvc:default-servlet-handler/>
<mvc:resources location="file:///C:/" mapping="/**"/>

<bean class="org.springframework.web.servlet.view.InternalResourceViewResolver">
	<property name="prefix" value="/WEB-INF/JSP/"></property>
	<property name="suffix" value=".jsp"></property>
</bean>

<bean id="multipartResolver" class="org.springframework.web.multipart.commons.CommonsMultipartResolver">
	<property name="maxUploadSize" value="10000000"></property>
</bean>

</beans>
